{
    "coverage_percentage": {
        "mean": 23.75,
        "min": 20.0,
        "max": 27.500000000000004,
        "std": 2.7386127875258315
    },
    "total_covered_time": {
        "mean": 19.0,
        "min": 16.0,
        "max": 22.0,
        "std": 2.1908902300206643
    },
    "ranked_top5_confidences": {
        "top1_confidence": {
            "mean": 0.8760551333427429,
            "min": 0.8107518553733826,
            "max": 0.9768685102462769,
            "std": 0.05464887345581258
        },
        "top2_confidence": {
            "mean": 0.8621660828590393,
            "min": 0.7835260033607483,
            "max": 0.9745457172393799,
            "std": 0.06282694382062252
        },
        "top3_confidence": {
            "mean": 0.8495606184005737,
            "min": 0.7673825621604919,
            "max": 0.9659076929092407,
            "std": 0.06468508788402068
        },
        "top4_confidence": {
            "mean": 0.8188973546028138,
            "min": 0.7274889349937439,
            "max": 0.9508684277534485,
            "std": 0.07943697341873118
        },
        "top5_confidence": {
            "mean": 0.8080115795135498,
            "min": 0.7172769904136658,
            "max": 0.9346576929092407,
            "std": 0.08181837291544496
        }
    }
}